User,JobSurf,USB,Malware,ExtEmail,MultiLogin,TotalScore
IBB0359,20,0,20,20,20,80
MGS0974,20,0,20,20,20,80
ICH0294,20,0,20,20,20,80
SGM0021,20,0,20,20,20,80
RDT0424,20,0,20,20,20,80
NAF0326,20,0,20,20,20,80
DRR0162,20,0,20,20,20,80
PMC0328,20,0,20,20,20,80
CTA0020,20,0,20,20,20,80
HVF0067,20,0,20,20,20,80
CWR0502,20,0,20,20,20,80
BVC0790,20,0,20,20,20,80
KBG0549,20,0,20,20,20,80
LBF0214,20,0,20,20,20,80
SMY0792,20,0,20,20,20,80
DLM0051,20,0,20,20,20,80
QRM0739,20,0,20,20,20,80
MBJ0312,20,0,20,20,20,80
HDH0928,20,0,20,20,20,80
ABC0174,20,0,20,20,20,80
AJD0074,20,0,20,20,20,80
EMW0772,20,0,20,20,20,80
VIA0063,20,0,20,20,20,80
RHL0992,20,0,20,20,20,80
CAB0614,20,0,20,20,20,80
FKK0055,20,0,20,20,20,80
ATE0869,20,0,20,20,20,80
OBH0499,20,0,20,20,20,80
IBM0671,20,0,20,20,20,80
JGT0221,20,0,20,20,20,80
HSB0196,20,0,20,20,20,80
RSC0089,20,0,20,20,20,80
VTT0385,20,0,20,20,20,80
MPM0220,20,0,20,20,20,80
TDS0984,20,0,20,20,20,80
EIS0041,20,0,20,20,20,80
JCG0316,20,0,20,20,20,80
VMJ0546,20,0,20,20,20,80
AMR0318,20,0,20,20,20,80
AOK0844,20,0,20,20,20,80
BBS0422,20,0,20,20,20,80
MTB0620,20,0,20,20,20,80
CPG0322,20,0,20,20,20,80
FSC0601,20,0,20,20,20,80
NWT0098,20,0,20,20,20,80
XHW0498,20,0,20,20,20,80
JCR0172,20,0,20,20,20,80
JBD0616,20,0,20,20,20,80
DMK0257,20,0,20,20,20,80
KKW0879,20,0,20,20,20,80
GZC0735,20,0,20,20,20,80
XAA0104,20,0,20,20,20,80
SAA0999,20,0,20,20,20,80
THR0873,20,0,20,20,20,80
NGC0058,20,0,20,20,20,80
XWD0923,20,0,20,20,20,80
GTD0219,20,0,20,20,20,80
NMS0280,20,0,20,20,20,80
QOS0878,20,0,20,20,20,80
NDM0417,20,0,20,20,20,80
BRS0734,20,0,20,20,20,80
RHO0732,20,0,20,20,20,80
LOM0086,20,0,20,20,20,80
OCS0865,20,0,20,20,20,80
VSS0154,20,0,20,20,20,80
BWP0202,20,0,20,20,20,80
AJF0370,20,0,20,20,20,80
RSM0277,20,0,20,20,20,80
JJH0613,20,0,20,20,20,80
LIM0674,20,0,20,20,20,80
FFC0891,20,0,20,20,20,80
VCC0396,20,0,20,20,20,80
RAW0915,20,0,20,20,20,80
BBG0325,20,0,20,20,20,80
SBN0866,20,0,20,20,20,80
BBS0039,20,0,20,20,20,80
JNJ0556,20,0,20,20,20,80
MDM0625,20,0,20,20,20,80
IJM0444,20,0,20,20,20,80
GNS0178,20,0,20,20,20,80
MPT0376,20,0,20,20,20,80
JMK0099,20,0,20,20,20,80
SBH0537,20,0,20,20,20,80
IKR0401,20,0,20,20,20,80
ESH0283,10,0,20,20,20,70
CAS0507,10,0,20,20,20,70
BRM0995,10,0,20,20,20,70
BDI0533,10,0,20,20,20,70
KMW0545,10,0,20,20,20,70
JLM0364,10,0,20,20,20,70
ESJ0670,10,0,20,20,20,70
HPH0075,10,0,20,20,20,70
VSA0230,10,0,20,20,20,70
BMG0917,10,0,20,20,20,70
HCS0003,10,0,20,20,20,70
HCM0267,10,0,20,20,20,70
RVF0201,0,0,20,20,20,60
HKI0171,20,0,0,20,20,60
CGB0637,0,0,20,20,20,60
TSR0676,0,0,20,20,20,60
SLT0907,20,0,0,20,20,60
AIH0675,20,0,0,20,20,60
GRC0145,20,0,0,20,20,60
GAF0060,20,0,0,20,20,60
HBB0056,20,0,0,20,20,60
NCH0179,20,0,0,20,20,60
JHP0583,0,0,20,20,20,60
HWM0342,20,0,0,20,20,60
LPC0492,20,0,0,20,20,60
SJO0209,0,0,20,20,20,60
NKP0236,0,0,20,20,20,60
GKO0078,0,0,20,20,20,60
RTO0313,20,0,0,20,20,60
LHB0606,20,0,0,20,20,60
HPR0585,20,0,0,20,20,60
DBG0261,20,0,0,20,20,60
KRM0541,20,0,0,20,20,60
NBH0256,20,0,0,20,20,60
CQH0730,20,0,0,20,20,60
RAR0725,20,0,20,0,20,60
DIB0081,0,0,20,20,20,60
LEM0605,20,0,0,20,20,60
RRC0553,0,0,20,20,20,60
RAG0275,20,0,0,20,20,60
JMC0925,20,0,0,20,20,60
TVS0050,20,0,0,20,20,60
ADC0391,20,0,0,20,20,60
KJJ0293,0,0,20,20,20,60
ONL0276,20,0,0,20,20,60
HAD0246,0,0,20,20,20,60
BTR0403,0,0,20,20,20,60
MSZ0310,20,0,0,20,20,60
AIS0405,20,0,0,20,20,60
RGH0728,20,0,0,20,20,60
DPS0262,20,0,0,20,20,60
SNC0187,0,0,20,20,20,60
MAD0496,20,0,0,20,20,60
BDV0168,20,0,0,20,20,60
DSB0731,20,0,0,20,20,60
DBW0483,20,0,0,20,20,60
UIR0043,20,0,0,20,20,60
LJR0523,20,0,0,20,20,60
AIP0982,0,0,20,20,20,60
CAM0681,0,0,20,20,20,60
IKP0472,0,0,20,20,20,60
MLL0598,0,0,20,20,20,60
JMD0520,0,0,20,20,20,60
TVS0006,20,0,0,20,20,60
AWM0764,20,0,0,20,20,60
PDH0716,0,0,20,20,20,60
OMS0101,20,0,0,20,20,60
KBP0008,20,0,0,20,20,60
SBD0913,20,0,0,20,20,60
IRT0491,20,0,0,20,20,60
DTP0379,20,0,0,20,20,60
AKR0057,0,0,20,20,20,60
FHO0630,20,0,0,20,20,60
KWC0004,20,0,0,20,20,60
BLS0678,20,0,0,20,20,60
HAM0985,20,0,0,20,20,60
IMB0481,20,0,0,20,20,60
BJP0134,0,0,20,20,20,60
MLM0950,0,0,20,20,20,60
WRM0963,20,0,0,20,20,60
LRR0148,0,0,20,20,20,60
CCA0046,0,0,20,20,20,60
IJM0776,0,0,20,20,20,60
WVB0539,20,0,0,20,20,60
CCM0136,0,0,20,20,20,60
BMT0528,0,0,20,20,20,60
FUM0015,20,0,0,20,20,60
CJF0802,20,0,0,20,20,60
EDA0684,20,0,0,20,20,60
NAH0503,20,0,0,20,20,60
MLD0755,20,0,0,20,20,60
JCR0921,20,0,0,20,20,60
ESR0693,0,0,20,20,20,60
NGO0690,20,0,0,20,20,60
ABC0253,20,0,0,20,20,60
SBN0495,20,0,0,20,20,60
EMS0317,20,0,0,20,20,60
WAS0254,20,0,0,20,20,60
DDA0476,20,0,0,20,20,60
ATP0662,0,0,20,20,20,60
DJB0159,20,0,0,20,20,60
MKP0861,20,0,0,20,20,60
BNG0237,20,0,0,20,20,60
HRB0351,0,0,20,20,20,60
QJR0688,0,0,20,20,20,60
PDW0259,20,0,0,20,20,60
SAB0781,0,0,20,20,20,60
WIQ0567,0,0,20,20,20,60
BMM0112,20,0,0,20,20,60
XHG0902,20,0,0,20,20,60
GQP0743,20,0,0,20,20,60
ALC0788,20,0,0,20,20,60
JMB0308,20,0,0,20,20,60
HWW0436,0,0,20,20,20,60
ZKS0899,0,0,20,20,20,60
SLB0049,20,0,0,20,20,60
HMM0108,0,0,20,20,20,60
MES0407,20,0,0,20,20,60
AKK0329,20,0,0,20,20,60
JCW0858,20,0,0,20,20,60
MIC0726,20,0,0,20,20,60
RRP0568,0,0,20,20,20,60
EHB0420,20,0,0,20,20,60
BMS0877,20,0,0,20,20,60
JXH0493,20,0,0,20,20,60
OCB0805,20,0,0,20,20,60
SDO0170,20,0,0,20,20,60
CAH0936,0,0,20,20,20,60
BAM0611,20,0,0,20,20,60
CKH0144,20,0,0,20,20,60
BER0314,20,0,0,20,20,60
MAD0753,20,0,0,20,20,60
DIB0285,0,0,20,20,20,60
RKD0604,20,0,0,20,20,60
MOS0047,0,0,20,20,20,60
BEH0615,0,0,20,20,20,60
RVC0232,20,0,0,20,20,60
LDB0090,20,0,0,20,20,60
WBC0315,20,0,0,20,20,60
NBC0412,20,0,0,20,20,60
GHH0288,0,0,20,20,20,60
KJS0618,20,0,0,20,20,60
MIL0255,20,0,0,20,20,60
SES0477,20,0,0,20,20,60
CQH0701,0,0,20,20,20,60
USH0199,0,0,20,20,20,60
PNL0301,0,0,20,20,20,60
HCV0478,20,0,0,20,20,60
IIA0092,20,0,0,20,20,60
ZDW0859,20,0,0,20,20,60
AQD0820,20,0,0,20,20,60
WJD0576,20,0,0,20,20,60
CRD0624,20,0,0,20,20,60
FRB0023,20,0,0,20,20,60
WKD0013,20,0,0,20,20,60
UJC0737,20,0,0,20,20,60
NGF0157,20,0,0,20,20,60
BRB0355,0,0,20,20,20,60
CRK0916,20,0,0,20,20,60
IRM0931,0,0,20,20,20,60
CKD0680,20,0,0,20,20,60
HAH0760,0,0,20,20,20,60
ZJE0857,20,0,0,20,20,60
GTD0116,20,0,0,20,20,60
BAL0044,0,0,20,20,20,60
CMB0912,20,0,0,20,20,60
BEC0505,20,0,0,20,20,60
CFM0767,0,0,20,20,20,60
SCP0130,0,0,20,20,20,60
LAM0911,20,0,0,20,20,60
AJN0607,0,0,20,20,20,60
SBQ0786,20,0,0,20,20,60
CLB0774,0,0,20,20,20,60
LDG0459,0,0,20,20,20,60
AHC0142,20,0,0,20,20,60
PAD0773,0,0,20,20,20,60
LHL0309,20,0,0,20,20,60
CCL0068,0,0,20,20,20,60
HJB0742,20,0,0,20,20,60
JDB0169,0,0,20,20,20,60
BAH0875,20,0,0,20,20,60
ASV0946,20,0,0,20,20,60
TNM0961,0,0,20,20,20,60
EGD0409,20,0,0,20,20,60
OLW0689,0,0,20,20,20,60
WIF0691,0,0,20,20,20,60
ILJ0526,0,0,20,20,20,60
KRV0372,20,0,0,20,20,60
ASG0048,20,0,0,20,20,60
KPR0497,20,0,0,20,20,60
MKW0441,0,0,20,20,20,60
SCF0608,20,0,0,20,20,60
DIW0118,0,0,20,20,20,60
VAA0087,20,0,0,20,20,60
BJM0111,0,0,20,20,20,60
DPM0423,0,0,20,20,20,60
LOF0311,20,0,0,20,20,60
JTS0389,0,0,20,20,20,60
RNP0211,0,0,20,20,20,60
DBB0384,0,0,20,20,20,60
FOB0756,0,0,20,20,20,60
HKR0628,20,0,0,20,20,60
SRS0231,20,0,0,20,20,60
EPW0434,20,0,0,20,20,60
MSS0001,20,0,0,20,20,60
SDB0106,20,0,0,20,20,60
HXL0968,0,0,20,20,20,60
KCO0122,0,0,20,20,20,60
TAP0551,20,0,0,20,20,60
IBB0696,0,0,20,20,20,60
QNF0205,20,0,0,20,20,60
BIS0247,0,0,20,20,20,60
MDH0686,20,0,0,20,20,60
WXH0872,0,0,20,20,20,60
AHM0410,0,0,20,20,20,60
SVS0871,20,0,0,20,20,60
KWE0082,0,0,20,20,20,60
YEV0793,20,0,0,20,20,60
MDH0580,0,0,20,20,20,60
DLF0377,20,0,0,20,20,60
SIJ0661,20,0,0,20,20,60
PES0085,20,0,0,20,20,60
CBB0365,20,0,0,20,20,60
CJC0494,20,0,0,20,20,60
IUB0565,0,0,20,20,20,60
CWB0065,20,0,0,20,20,60
JFC0557,0,0,20,20,20,60
ILH0958,0,0,20,20,20,60
FBW0747,20,0,0,20,20,60
WTF0387,20,0,0,20,20,60
ETR0428,20,0,0,20,20,60
KBS0874,20,0,0,20,20,60
MVB0515,0,0,20,20,20,60
MKS0204,20,0,0,20,20,60
DLS0383,20,0,0,20,20,60
BAJ0654,0,0,20,20,20,60
HIA0414,20,0,0,20,20,60
HRL0540,0,0,20,20,20,60
SOG0411,20,0,0,20,20,60
AIP0394,20,0,0,20,20,60
NMF0780,20,0,0,20,20,60
PEV0323,20,0,0,20,20,60
DMM0623,20,0,0,20,20,60
PTH0552,20,0,0,20,20,60
MSH0040,20,0,0,20,20,60
IJR0825,20,0,0,20,20,60
RMW0542,20,0,20,0,20,60
MCD0125,0,0,20,20,20,60
NAF0033,20,0,0,20,20,60
NOB0181,0,0,20,20,20,60
RLG0856,0,0,20,20,20,60
JAD0609,20,0,0,20,20,60
CTW0500,20,0,0,20,20,60
AJH0175,0,0,20,20,20,60
MCJ0324,20,0,0,20,20,60
CSC0217,20,0,20,0,20,60
ASB0796,20,0,0,20,20,60
MAH0864,20,0,0,20,20,60
KRL0501,20,0,20,0,20,60
LBH0942,0,0,20,20,20,60
TQS0212,20,0,0,20,20,60
WBC0192,0,0,20,20,20,60
RHP0484,20,0,0,20,20,60
HDS0367,0,0,20,20,20,60
FWM0707,20,0,0,20,20,60
LCB0664,0,0,20,20,20,60
UAD0771,0,0,20,20,20,60
HCL0651,0,0,20,20,20,60
AAF0535,0,0,20,20,20,60
EHD0584,20,0,0,20,20,60
GCL0016,0,0,20,20,20,60
KCS0173,20,0,0,20,20,60
JDC0030,0,0,20,20,20,60
ENC0234,20,0,0,20,20,60
BTW0005,20,0,0,20,20,60
SVL0803,20,0,0,20,20,60
CAA0612,0,0,20,20,20,60
KMB0922,0,0,20,20,20,60
BSS0369,0,0,20,20,20,60
CIM0271,0,0,20,20,20,60
IBS0836,0,0,20,20,20,60
MJB0588,20,0,0,20,20,60
MMB0488,20,0,0,20,20,60
NCE0097,20,0,0,20,20,60
GJT0386,20,0,0,20,20,60
VCY0751,20,0,0,20,20,60
RUM0880,0,0,20,20,20,60
JTM0223,0,0,20,20,20,60
EDB0714,0,0,20,20,20,60
BIH0745,20,0,0,20,20,60
IMG0320,20,0,0,20,20,60
RZC0746,20,0,0,20,20,60
FIR0920,20,0,0,20,20,60
MOH0273,0,0,20,20,20,60
CBG0490,20,0,0,20,20,60
DAL0673,0,0,20,20,20,60
IIW0249,0,0,20,20,20,60
TEM0093,20,0,0,20,20,60
NNS0059,20,0,0,20,20,60
WDO0870,20,0,0,20,20,60
KVS0425,20,0,0,20,20,60
PKB0429,20,0,0,20,20,60
GBM0603,20,0,0,20,20,60
DGW0752,20,0,0,20,20,60
LJT0817,0,0,20,20,20,60
HFB0347,0,0,20,20,20,60
PNH0761,0,0,20,20,20,60
ABN0239,20,0,0,20,20,60
SBK0161,20,0,0,20,20,60
AJR0319,20,0,0,20,20,60
HBO0413,20,0,20,0,20,60
SAT0194,10,0,0,20,20,50
JDF0593,0,0,20,10,20,50
SSH0799,10,0,0,20,20,50
MAH0149,10,0,0,20,20,50
KNG0672,10,0,0,20,20,50
TSG0906,10,0,0,20,20,50
KRG0158,10,0,0,20,20,50
THD0448,20,0,0,10,20,50
HRW0550,10,0,0,20,20,50
HKF0831,10,0,0,20,20,50
RIH0777,10,0,0,20,20,50
EAH0466,0,0,20,10,20,50
APG0307,20,0,0,10,20,50
CLF0852,10,0,0,20,20,50
RGG0064,10,0,0,20,20,50
MYD0978,10,0,0,20,20,50
ACV0812,10,0,0,20,20,50
ADF0397,10,0,0,20,20,50
AHG0634,10,0,0,20,20,50
BTL0226,10,0,0,20,20,50
PLH0715,20,0,0,10,20,50
ACC0042,10,0,0,20,20,50
GLR0975,10,0,0,20,20,50
MCF0600,0,0,20,10,20,50
ORG0339,10,0,0,20,20,50
VFM0814,10,0,0,20,20,50
GNZ0953,10,0,0,20,20,50
IYB0918,10,0,0,20,20,50
FEB0306,0,0,20,10,20,50
DMG0358,10,0,0,20,20,50
ASG0692,10,0,0,20,20,50
JSA0775,10,0,0,20,20,50
RAM0447,10,0,0,20,20,50
SJF0094,10,0,0,20,20,50
KQS0415,10,0,0,20,20,50
DOL0332,20,0,0,10,20,50
WDD0366,10,0,0,20,20,50
HRD0635,10,0,0,20,20,50
LNS0989,10,0,0,20,20,50
FRR0832,10,0,0,20,20,50
KAT0270,10,0,0,20,20,50
CSJ0340,10,0,0,20,20,50
CEB0210,10,0,0,20,20,50
ABH0663,10,0,0,20,20,50
TJD0996,10,0,0,20,20,50
DFR0218,10,0,0,20,20,50
EGD0132,10,0,20,0,20,50
MTT0901,0,0,20,10,20,50
ALD0544,10,0,0,20,20,50
SJC0333,10,0,0,20,20,50
WDV0573,0,0,0,20,20,40
GJD0298,0,0,0,20,20,40
RDM0150,0,0,0,20,20,40
EMB0531,0,0,0,20,20,40
RNL0695,0,0,0,20,20,40
DHM0937,0,0,0,20,20,40
CJV0286,0,0,0,20,20,40
ILR0304,0,0,0,20,20,40
BLB0114,0,0,0,20,20,40
KVT0028,0,0,0,20,20,40
EMW0105,20,0,0,0,20,40
BCM0653,0,0,0,20,20,40
AKH0758,0,0,0,20,20,40
FSB0399,0,0,0,20,20,40
SDF0017,0,0,0,20,20,40
ECL0930,0,0,0,20,20,40
HSP0290,0,0,0,20,20,40
AVM0947,0,0,20,0,20,40
FBA0348,20,0,0,0,20,40
HCC0344,0,0,0,20,20,40
SOB0360,20,0,0,0,20,40
LQP0508,0,0,0,20,20,40
AKC0924,0,0,0,20,20,40
NKH0979,0,0,0,20,20,40
LLV0602,0,0,0,20,20,40
PPF0435,0,0,0,20,20,40
JAV0361,0,0,0,20,20,40
ARA0252,0,0,0,20,20,40
HLH0512,0,0,0,20,20,40
DEB0782,0,0,0,20,20,40
PGC0066,0,0,0,20,20,40
COF0120,0,0,0,20,20,40
KNB0022,0,0,0,20,20,40
DZC0228,0,0,0,20,20,40
JPA0667,0,0,0,20,20,40
GQF0659,0,0,0,20,20,40
ZSK0258,20,0,0,0,20,40
SLP0762,0,0,0,20,20,40
TUC0632,20,0,0,0,20,40
JMH0543,0,0,0,20,20,40
BQS0525,0,0,0,20,20,40
LJB0826,0,0,0,20,20,40
PMJ0564,0,0,0,20,20,40
FDE0117,0,0,0,20,20,40
JRF0835,0,0,0,20,20,40
HIW0536,0,0,0,20,20,40
KPC0073,0,0,0,20,20,40
KSH0569,0,0,0,20,20,40
BHC0665,0,0,0,20,20,40
SGG0787,0,0,0,20,20,40
NJB0243,0,0,0,20,20,40
CCM0467,0,0,0,20,20,40
ALD0529,0,0,0,20,20,40
QNP0216,20,0,0,0,20,40
CNM0800,0,0,0,20,20,40
CSH0626,0,0,0,20,20,40
BCB0679,0,0,0,20,20,40
CEL0561,0,0,0,20,20,40
ANT0430,0,0,0,20,20,40
SAH0599,0,0,0,20,20,40
JKF0465,10,0,0,10,20,40
BTL0722,0,0,0,20,20,40
DAR0885,0,0,0,20,20,40
TDJ0998,0,0,0,20,20,40
HOB0994,0,0,0,20,20,40
KKS0119,0,0,0,20,20,40
ZFM0468,0,0,0,20,20,40
GAF0570,0,0,0,20,20,40
PGO0433,0,0,0,20,20,40
ZSB0649,0,0,0,20,20,40
MVH0373,0,0,0,20,20,40
BMC0547,20,0,0,0,20,40
KES0729,0,0,0,20,20,40
MHG0244,20,0,0,0,20,40
AAF0791,20,0,0,0,20,40
PID0426,0,0,0,20,20,40
OYM0026,20,0,0,0,20,40
AHD0848,0,0,20,0,20,40
SGS0268,0,0,0,20,20,40
CRO0027,0,0,0,20,20,40
SSR0278,20,0,0,0,20,40
HWH0646,0,0,0,20,20,40
HMW0713,0,0,0,20,20,40
BWH0813,0,0,0,20,20,40
NHH0185,0,0,0,20,20,40
HLM0933,0,0,0,20,20,40
CIG0052,0,0,0,20,20,40
BTN0061,0,0,0,20,20,40
CRP0456,0,0,0,20,20,40
KCF0045,0,0,0,20,20,40
LQC0479,20,0,0,0,20,40
CLD0894,20,0,0,0,20,40
GZB0469,0,0,0,20,20,40
LTS0860,0,0,0,20,20,40
RRA0938,0,0,0,20,20,40
MCF0327,20,0,0,0,20,40
CNE0352,0,0,0,20,20,40
BVN0514,0,0,0,20,20,40
KJP0371,0,0,0,20,20,40
JCR0289,10,0,0,10,20,40
HWY0038,0,0,0,20,20,40
CFG0959,0,0,0,20,20,40
JCV0245,0,0,0,20,20,40
NCO0666,0,0,0,20,20,40
SAC0687,0,0,0,20,20,40
CMM0487,20,0,0,0,20,40
SED0886,0,0,0,20,20,40
MNR0829,0,0,0,20,20,40
NNA0610,20,0,0,0,20,40
MJM0510,0,0,0,20,20,40
CHG0146,0,0,0,20,20,40
RLB0719,0,0,0,20,20,40
DKB0631,0,0,0,20,20,40
SEJ0677,20,0,0,0,20,40
JKB0126,20,0,0,0,20,40
ANM0123,0,0,0,20,20,40
CTR0341,0,0,0,20,20,40
JPW0741,20,0,0,0,20,40
KSP0357,0,0,0,20,20,40
EWH0191,0,0,0,20,20,40
TET0621,0,0,0,20,20,40
LBC0356,0,0,0,20,20,40
CXC0336,0,0,0,20,20,40
FMG0527,0,0,0,20,20,40
NHE0919,0,0,0,20,20,40
TSM0927,0,0,0,20,20,40
LCC0819,0,0,20,0,20,40
SGB0140,0,0,0,20,20,40
AOB0019,0,0,0,20,20,40
GRM0868,20,0,0,0,20,40
SBN0971,0,0,20,0,20,40
TBT0461,0,0,0,20,20,40
PRM0740,20,0,0,0,20,40
BSA0431,0,0,0,20,20,40
CCM0855,0,0,0,20,20,40
MNS0224,0,0,0,20,20,40
CIM0926,0,0,0,20,20,40
SAK0375,0,0,0,20,20,40
DCC0160,0,0,0,20,20,40
BJW0619,0,0,0,20,20,40
BLL0929,0,0,0,20,20,40
JRH0455,10,0,0,10,20,40
NAR0981,0,0,0,20,20,40
RDM0115,0,0,0,20,20,40
SXM0895,0,0,0,20,20,40
JJH0292,0,0,0,20,20,40
YCE0983,0,0,0,20,20,40
AOS0987,0,0,0,20,20,40
ATF0274,0,0,0,20,20,40
CEJ0109,0,0,20,0,20,40
SVL0940,0,0,0,20,20,40
MLG0475,10,0,0,10,20,40
JGM0934,0,0,0,20,20,40
TSB0437,0,0,0,20,20,40
RYB0718,0,0,0,20,20,40
DGN0480,0,0,0,20,20,40
IAT0263,0,0,0,20,20,40
WKF0012,0,0,0,20,20,40
UFK0208,0,0,0,20,20,40
RAB0589,0,0,0,20,20,40
ARB0881,0,0,0,20,20,40
DGM0754,20,0,0,0,20,40
AMV0036,20,0,0,0,20,40
NCK0295,20,0,0,0,20,40
IJW0851,20,0,0,0,20,40
CUD0795,0,0,0,20,20,40
DAG0558,0,0,0,20,20,40
GCR0554,0,0,0,20,20,40
WPR0368,0,0,0,20,20,40
WPE0538,0,0,0,20,20,40
NJC0705,20,0,0,0,20,40
SSG0250,0,0,0,20,20,40
SOF0808,0,0,0,20,20,40
HGN0287,0,0,0,20,20,40
CTR0697,0,0,0,20,20,40
BAM0636,0,0,0,20,20,40
NKH0807,0,0,0,20,20,40
SSJ0784,0,0,0,20,20,40
FAW0032,0,0,0,20,20,40
AMD0077,0,0,0,20,20,40
HSG0818,0,0,0,20,20,40
RBB0485,20,0,0,0,20,40
GDF0704,0,0,0,20,20,40
ESH0135,0,0,0,20,20,40
GOK0238,20,0,0,0,20,40
JBM0350,0,0,0,20,20,40
JOL0024,0,0,0,20,20,40
GMF0738,20,0,0,0,20,40
HAH0248,0,0,0,20,20,40
IIL0513,0,0,0,20,20,40
WLV0566,0,0,0,20,20,40
WSR0241,0,0,0,20,20,40
AKW0167,0,0,0,20,20,40
HTF0641,0,0,0,20,20,40
JCC0225,20,0,0,0,20,40
SKG0759,0,0,0,20,20,40
CSP0197,0,0,0,20,20,40
AIB0948,0,0,20,0,20,40
JNA0559,20,0,0,0,20,40
LDD0560,0,0,0,20,20,40
CCH0182,0,0,0,20,20,40
OLF0504,20,0,0,0,20,40
HDD0789,0,0,0,20,20,40
CCW0524,0,0,0,20,20,40
MLP0668,0,0,0,20,20,40
RHY0079,0,0,0,20,20,40
NAB0801,0,0,0,20,20,40
EZH0736,0,0,0,20,20,40
TCD0009,0,0,0,20,20,40
XRS0633,0,0,0,20,20,40
CKB0427,0,0,0,20,20,40
CQW0652,0,0,20,0,20,40
HCL0113,0,0,0,20,20,40
BSH0445,0,0,0,20,20,40
SRH0155,0,0,0,20,20,40
JML0909,0,0,0,20,20,40
AAM0658,0,0,0,20,20,40
UCH0519,0,0,0,20,20,40
DVM0265,0,0,0,20,20,40
AKF0709,20,0,0,0,20,40
CCR0863,20,0,0,0,20,40
ALB0892,0,0,0,20,20,40
VLB0647,0,0,0,20,20,40
DFH0188,0,0,20,0,20,40
HDD0806,0,0,0,20,20,40
KBB0189,0,0,0,20,20,40
HVB0037,0,0,0,20,20,40
KJG0910,0,0,0,20,20,40
YIC0195,0,0,0,20,20,40
NMG0766,0,0,0,20,20,40
NRD0548,20,0,0,0,20,40
AAN0823,0,0,0,20,20,40
JAM0382,0,0,0,20,20,40
IWM0816,0,0,0,20,20,40
HGG0240,0,0,0,20,20,40
KTG0091,0,0,0,20,20,40
HKB0418,20,0,0,0,20,40
ORM0669,0,0,0,20,20,40
JKM0303,0,0,0,20,20,40
TLM0797,0,0,0,20,20,40
VMJ0147,0,0,0,20,20,40
YWW0660,20,0,0,0,20,40
CJM0138,0,0,0,20,20,40
WNB0908,0,0,0,20,20,40
ASM0575,0,0,0,20,20,40
FQA0854,0,0,0,20,20,40
JRG0207,0,0,0,20,20,40
BCR0581,0,0,0,20,20,40
SPA0141,0,0,0,20,20,40
NRO0768,0,0,0,20,20,40
ASS0517,0,0,0,20,20,40
LAF0991,0,0,0,20,20,40
SHW0578,0,0,0,20,20,40
FKB0163,0,0,0,20,20,40
YDN0198,0,0,0,20,20,40
BJH0811,20,0,0,0,20,40
OKB0439,0,0,0,20,20,40
TRK0914,0,0,0,20,20,40
CFW0264,20,0,0,0,20,40
CBG0398,0,0,0,20,20,40
AIM0627,20,0,0,0,20,40
GHL0460,0,0,0,20,20,40
CCC0393,0,0,0,20,20,40
JCR0770,0,0,0,20,20,40
MBG0438,0,0,0,20,20,40
COM0321,20,0,0,0,20,40
FLM0213,0,0,0,20,20,40
UCS0227,20,0,0,0,20,40
ARL0034,0,0,0,20,20,40
JJM0203,0,0,0,20,20,40
HTH0007,0,0,0,20,20,40
JIM0095,0,0,0,20,20,40
OSH0655,0,0,0,20,20,40
SMH0291,0,0,0,20,20,40
RKF0164,0,0,0,20,20,40
JLW0053,20,0,0,0,20,40
MHA0798,20,0,0,0,20,40
CCW0031,0,0,0,20,20,40
BSS0463,0,0,0,20,20,40
DBS0235,0,0,0,20,20,40
BSB0990,0,0,0,20,20,40
HDL0748,20,0,0,0,20,40
MMG0943,0,0,0,20,20,40
HAC0282,0,0,0,20,20,40
LUR0896,0,0,0,20,20,40
KJM0887,0,0,0,20,20,40
DTT0076,20,0,0,0,20,40
JOM0750,20,0,0,0,20,40
EIP0997,20,0,0,0,20,40
LAP0338,0,0,0,20,20,40
BTS0011,0,0,0,20,20,40
KAT0489,0,0,0,20,20,40
FGW0853,0,0,0,20,20,40
IMP0530,0,0,0,20,20,40
RCC0617,20,0,0,0,20,40
JJB0700,0,0,0,20,20,40
IDO0176,20,0,0,0,20,40
GCC0744,20,0,0,0,20,40
NMC0486,20,0,0,0,20,40
LJJ0905,0,0,0,20,20,40
TOR0193,0,0,0,20,20,40
OKC0107,0,0,0,20,20,40
GCS0571,0,0,20,0,20,40
ARD0509,0,0,0,20,20,40
KKC0683,20,0,0,0,20,40
RFP0380,0,0,0,20,20,40
FTM0406,20,0,0,0,20,40
CKB0482,20,0,0,0,20,40
TEB0251,0,0,0,20,20,40
PMV0850,0,0,20,0,20,40
ENL0100,0,0,0,20,20,40
AMH0794,0,0,0,20,20,40
SNS0129,0,0,0,20,20,40
CAB0388,0,0,0,20,20,40
KBL0260,20,0,0,0,20,40
PBP0002,20,0,0,0,20,40
NUL0471,0,0,0,20,20,40
KAL0395,0,0,0,20,20,40
MJS0890,0,0,0,20,20,40
CGA0629,20,0,0,0,20,40
ASL0378,0,0,0,20,20,40
IAR0694,0,0,0,20,20,40
EZT0640,0,0,0,20,20,40
IEB0153,0,0,0,20,20,40
MSO0222,0,0,20,0,20,40
MIM0712,0,0,0,20,20,40
HCW0419,0,0,0,20,20,40
MSD0939,0,0,0,20,20,40
MIB0904,0,0,0,20,20,40
LMF0980,0,0,0,20,20,40
ARB0834,0,0,0,20,20,40
TIW0299,0,0,0,20,20,40
MNC0717,0,0,0,20,20,40
AAS0442,0,0,0,20,20,40
TMA0069,0,0,0,20,20,40
MHH0180,0,0,0,20,20,40
RGN0408,0,0,0,20,20,40
ESA0642,20,0,0,0,20,40
NSC0597,0,0,0,20,20,40
QCH0110,20,0,0,0,20,40
BKW0374,0,0,0,20,20,40
NWK0215,0,0,0,20,20,40
ELT0769,20,0,0,0,20,40
SCB0534,20,0,0,0,20,40
SMW0084,0,0,0,20,20,40
XBN0229,0,0,0,20,20,40
KCB0815,0,0,0,20,20,40
CJM0521,0,0,0,20,20,40
TYB0779,0,0,0,20,20,40
AGB0643,0,0,0,20,20,40
PLH0862,20,0,0,0,20,40
JMW0638,0,0,0,20,20,40
NAB0903,20,0,0,0,20,40
MBW0809,0,0,0,20,20,40
KNW0644,0,0,0,20,20,40
DLH0029,20,0,0,0,20,40
FRL0511,0,0,0,20,20,40
CHM0821,0,0,20,0,20,40
YJF0532,0,0,0,20,20,40
EJW0884,0,0,0,20,20,40
LHN0151,0,0,0,20,20,40
EIM0156,0,0,0,20,20,40
OJK0233,0,0,0,20,20,40
RCP0785,20,0,0,0,20,40
TSM0363,0,0,0,20,20,40
RAS0432,0,0,0,20,20,40
IBP0883,0,0,0,20,20,40
ALH0402,0,0,0,20,20,40
IUY0279,0,0,0,20,20,40
PGH0184,0,0,0,20,20,40
AAE0190,0,0,0,20,20,40
AMW0392,0,0,0,20,20,40
RJM0381,0,0,0,20,20,40
AAL0706,0,0,0,20,20,40
OLB0749,20,0,0,0,20,40
CSB0080,20,0,0,0,20,40
HJA0018,0,0,0,20,20,40
TTD1000,0,0,0,20,20,40
MAE0331,0,0,0,20,20,40
KDT0346,0,0,0,20,20,40
CCH0685,0,0,0,20,20,40
BNR0965,0,0,0,20,20,40
PSF0133,0,0,20,0,20,40
MVF0594,20,0,0,0,20,40
PIS0522,0,0,0,20,20,40
KDS0349,20,0,0,0,20,40
ZMC0284,0,0,0,20,20,40
DOP0562,0,0,0,20,20,40
ZSL0305,20,0,0,0,20,40
RMS0266,10,0,0,0,20,30
DCH0843,0,0,0,10,20,30
ORB0473,0,0,0,10,20,30
LFS0071,10,0,0,0,20,30
ROB0272,10,0,0,0,20,30
ZJS0269,10,0,0,0,20,30
FHS0837,10,0,0,0,20,30
LCD0622,10,0,0,0,20,30
KSP0966,10,0,0,0,20,30
ERH0449,10,0,0,0,20,30
MDM0976,10,0,0,0,20,30
ONW0083,0,0,0,10,20,30
BBH0810,10,0,0,0,20,30
ILC0838,0,0,0,10,20,30
JSH0330,0,0,0,10,20,30
JKJ0698,0,0,0,10,20,30
ANP0555,10,0,0,0,20,30
HJS0072,10,0,0,0,20,30
GCC0945,0,0,0,10,20,30
CJP0952,0,0,0,10,20,30
CAC0889,0,0,0,10,20,30
TDG0962,0,0,0,10,20,30
ELB0847,0,0,0,10,20,30
HAV0121,10,0,0,0,20,30
HDJ0446,10,0,0,0,20,30
LRW0970,0,0,0,10,20,30
NRF0137,10,0,0,0,20,30
RJB0088,10,0,0,0,20,30
SAP0867,10,0,0,0,20,30
BHW0458,0,0,0,10,20,30
TJB0302,0,0,0,10,20,30
MCS0035,10,0,0,0,20,30
PTH0830,0,0,0,10,20,30
SAC0592,0,0,0,10,20,30
CLH0703,0,0,0,10,20,30
LNR0656,10,0,0,0,20,30
VEB0935,10,0,0,0,20,30
DRR0242,10,0,0,0,20,30
OHC0973,10,0,0,0,20,30
NIH0969,10,0,0,0,20,30
KLH0596,10,0,0,0,20,30
EGK0893,0,0,0,10,20,30
OMM0944,10,0,0,0,20,30
AJC0840,0,0,0,10,20,30
GCS0518,10,0,0,0,20,30
JIG0128,0,0,0,0,20,20
AMH0464,0,0,0,0,20,20
KMS0657,0,0,0,0,20,20
WAB0143,0,0,0,0,20,20
KRL0062,0,0,0,0,20,20
DDM0579,0,0,0,0,20,20
CJK0200,0,0,0,0,20,20
KBC0054,0,0,0,0,20,20
MBR0724,0,0,0,0,20,20
MFV0897,0,0,0,0,20,20
AES0827,0,0,0,0,20,20
DGF0443,0,0,0,0,20,20
AGB0186,0,0,0,0,20,20
KJA0152,0,0,0,0,20,20
POB0343,0,0,0,0,20,20
NMB0972,0,0,0,0,20,20
JRS0362,0,0,0,0,20,20
TJG0582,0,0,0,0,20,20
ADD0846,0,0,0,0,20,20
JER0404,0,0,0,0,20,20
LDM0587,0,0,0,0,20,20
QSV0778,0,0,0,0,20,20
LHB0967,0,0,0,0,20,20
EHR0096,0,0,0,0,20,20
GTD0898,0,0,0,0,20,20
BYP0070,0,0,0,0,20,20
XLB0710,0,0,0,0,20,20
ABM0845,0,0,0,0,20,20
ELH0960,0,0,0,0,20,20
DJS0682,0,0,0,0,20,20
CGF0337,0,0,0,0,20,20
MHG0733,0,0,0,0,20,20
WGS0516,0,0,0,0,20,20
MOP0763,0,0,0,0,20,20
AJP0723,0,0,0,0,20,20
EBC0390,0,0,0,0,20,20
DVW0103,0,0,0,0,20,20
AMJ0297,0,0,0,0,20,20
TLK0993,0,0,0,0,20,20
ZCF0590,0,0,0,0,20,20
MAS0025,0,0,0,0,20,20
EFS0882,0,0,0,0,20,20
ICS0956,0,0,0,0,20,20
HGH0595,0,0,0,0,20,20
KPP0452,0,0,0,0,20,20
CMW0783,0,0,0,0,20,20
BXJ0010,0,0,0,0,20,20
KJW0416,0,0,0,0,20,20
MAR0955,0,0,0,0,20,20
SER0165,0,0,0,0,20,20
MAW0166,0,0,0,0,20,20
BJH0354,0,0,0,0,20,20
CSL0949,0,0,0,0,20,20
ASS0206,0,0,0,0,20,20
TPH0474,0,0,0,0,20,20
IJM0139,0,0,0,0,20,20
NCK0421,0,0,0,0,20,20
JRL0574,0,0,0,0,20,20
CNB0900,0,0,0,0,20,20
KLM0639,0,0,0,0,20,20
CJH0702,0,0,0,0,20,20
CAM0102,0,0,0,0,20,20
JFC0757,0,0,0,0,20,20
MKL0941,0,0,0,0,20,20
OQH0183,0,0,0,0,20,20
SMB0804,0,0,0,0,20,20
FXF0957,0,0,0,0,20,20
RAH0440,0,0,0,0,20,20
CJG0470,0,0,0,0,20,20
AMR0400,0,0,0,0,20,20
SOB0586,0,0,0,0,20,20
ETR0177,0,0,0,0,20,20
FPC0954,0,0,0,0,20,20
SSS0345,0,0,0,0,20,20
CMS0454,0,0,0,0,20,20
CYA0506,0,0,0,0,20,20
PKB0281,0,0,0,0,20,20
AMM0014,0,0,0,0,20,20
DID0650,0,0,0,0,20,20
HSD0457,0,0,0,0,20,20
JAJ0849,0,0,0,0,20,20
CLS0296,0,0,0,0,20,20
UBF0645,0,0,0,0,20,20
TEM0977,0,0,0,0,20,20
TAC0300,0,0,0,0,20,20
NSS0876,0,0,0,0,20,20
AAV0450,0,0,0,0,20,20
WTR0563,0,0,0,0,20,20
GCG0951,0,0,0,0,20,20
NLO0131,0,0,0,0,20,20
YJV0699,0,0,0,0,20,20
KAC0124,0,0,0,0,20,20
MKG0711,0,0,0,0,20,20
WGR0833,0,0,0,0,20,20
AJR0932,0,0,0,0,20,20
RHC0335,0,0,0,0,20,20
TLH0648,0,0,0,0,20,20
JJB0127,0,0,0,0,20,20
HPM0986,0,0,0,0,20,20
SJW0451,0,0,0,0,20,20
ASD0577,0,0,0,0,20,20
SHR0334,0,0,0,0,20,20
AAW0353,0,0,0,0,20,20
CAN0842,0,0,0,0,20,20
IHK0841,0,0,0,0,20,20
BAK0964,0,0,0,0,20,20
BDB0453,0,0,0,0,20,20
ECF0828,0,0,0,0,20,20
DSM0591,0,0,0,0,20,20
EHB0824,0,0,0,0,20,20
RNF0765,0,0,0,0,20,20
CKP0721,0,0,0,0,20,20
AJL0462,0,0,0,0,20,20
JZD0888,0,0,0,0,20,20
LPH0572,0,0,0,0,20,20
KQC0708,0,0,0,0,20,20
MSG0839,0,0,0,0,20,20
MCT0720,0,0,0,0,20,20
ECR0822,0,0,0,0,20,20
DIC0988,0,0,0,0,20,20
QPM0727,0,0,0,0,20,20
